{"cameraMode":{"drawMode":0,"name":"Shaded","section":"Shading Mode"},"sceneLighting":false,"audioPlay":false,"sceneViewState":{"m_AlwaysRefresh":false,"showFog":true,"showSkybox":true,"showFlares":true,"showImageEffects":true,"showParticleSystems":true,"showVisualEffectGraphs":true,"m_FxEnabled":true},"in2DMode":false,"pivot":{"x":-1.8019828796386719,"y":1.494886040687561,"z":7.171763896942139},"rotation":{"x":0.10039519518613816,"y":0.6789663434028626,"z":-0.09448070079088211,"w":0.7210208773612976},"size":0.34533989429473879,"orthographic":false}