{"cameraMode":{"drawMode":0,"name":"Shaded","section":"Shading Mode"},"sceneLighting":false,"audioPlay":false,"sceneViewState":{"m_AlwaysRefresh":false,"showFog":true,"showSkybox":true,"showFlares":true,"showImageEffects":true,"showParticleSystems":true,"showVisualEffectGraphs":true,"m_FxEnabled":true},"in2DMode":false,"pivot":{"x":3.955263614654541,"y":2.061969518661499,"z":-6.936226844787598},"rotation":{"x":-0.18549206852912904,"y":0.23589229583740235,"z":-0.04600687697529793,"w":-0.9527274966239929},"size":0.17618457973003388,"orthographic":false}