{"cameraMode":{"drawMode":0,"name":"Shaded","section":"Shading Mode"},"sceneLighting":true,"audioPlay":false,"sceneViewState":{"m_AlwaysRefresh":false,"showFog":true,"showSkybox":true,"showFlares":true,"showImageEffects":true,"showParticleSystems":true,"showVisualEffectGraphs":true,"m_FxEnabled":true},"in2DMode":false,"pivot":{"x":-47.98261642456055,"y":128.72166442871095,"z":-33.04225158691406},"rotation":{"x":-0.00023190643696580082,"y":0.999186635017395,"z":0.0371774397790432,"w":0.008114970289170742},"size":8.48705005645752,"orthographic":false}