{"cameraMode":{"drawMode":0,"name":"Shaded","section":"Shading Mode"},"sceneLighting":false,"audioPlay":false,"sceneViewState":{"m_AlwaysRefresh":false,"showFog":true,"showSkybox":true,"showFlares":true,"showImageEffects":true,"showParticleSystems":true,"showVisualEffectGraphs":true,"m_FxEnabled":true},"in2DMode":false,"pivot":{"x":-4.996969223022461,"y":0.46640774607658389,"z":5.558505058288574},"rotation":{"x":-0.009063875302672387,"y":0.6740769147872925,"z":-0.008328726515173912,"w":-0.7384440302848816},"size":2.1794495582580568,"orthographic":false}