{"cameraMode":{"drawMode":0,"name":"Shaded","section":"Shading Mode"},"sceneLighting":true,"audioPlay":false,"sceneViewState":{"m_AlwaysRefresh":false,"showFog":true,"showSkybox":true,"showFlares":true,"showImageEffects":true,"showParticleSystems":true,"showVisualEffectGraphs":true,"m_FxEnabled":true},"in2DMode":false,"pivot":{"x":0.40795689821243288,"y":-2.6623611450195314,"z":-15.987831115722657},"rotation":{"x":0.002148909028619528,"y":0.9935385584831238,"z":-0.11104834079742432,"w":0.018491443246603013},"size":8.487049102783204,"orthographic":false}